segLength,misfit_KS_deg,misfit_NW_deg
1,51.7056070066781,65.0969739014323
1,52.2197559188884,50.7303056123508
1,40.347481420187,49.3263250715988
1,48.4175378222987,65.7342609760543
1,50.9443075644425,54.0739082936065
1,50.2824923651203,50.8704401143436
1,48.1222086729177,65.9401773151141
1,47.843167909063,48.9391408474954
1,51.245518912231,53.9639725386087
1,49.7746157946636,54.4093757106116
1,40.6816804318709,49.0459389768545
1,49.7746157946636,54.4093757106117
1,40.9862577923789,48.9504773808545
1,50.0236106478231,54.837669249887
1,51.8203074553492,53.4037957612829
1,40.8146244262421,49.7747444467265
1,50.4417386982265,54.1516634517461
1,41.7918247450883,49.1371966039065
1,50.0036868628551,53.7293573374757
1,41.8350816212137,49.1481427015863
1,50.7198568904231,51.5774851012847
1,50.1700320642429,53.5263248444986
1,50.3666142586809,53.2667369009143
1,49.7116902300719,50.4337637236455
1,39.6721590092654,48.707602044776
1,49.1194841029079,54.9873626549524
1,49.9847329710799,52.5647850411108
1,38.9331378993156,48.3835305090619
1,38.9331378993156,48.3835305090619
1,50.1127368349687,53.1255233186958
1,37.9653932482214,48.855252906031
1,49.5333645044454,55.1274106510039
1,49.4024071272095,50.0249765478051
1,38.7329054352006,48.6526790222597
1,49.9495393111538,53.3406008883009
1,49.3009564019146,49.9157007337388
1,49.9708261058498,53.3577174198995
1,49.8651255558571,50.5621841772277
1,50.341215918887,53.4094097316036
1,49.5376587777378,50.2546950357612
1,50.3404034828248,53.56282769293
1,48.3354251729428,49.0587792838812
1,49.5475220496289,53.9176362916885
1,48.7500891870314,49.4410410981659
1,39.1456110729157,48.027138103269
1,48.758509741025,55.567320325824
1,40.4768742938552,49.3544684067638
1,40.2558970327794,49.0158901652957
1,39.6850304581015,47.8488550987407
1,48.5610413432828,55.6356509590217
1,48.86280074411,55.763180320842
1,49.6277971906214,53.3847162790546
1,53.1304818476302,20.6889655832678
1,49.5687436789083,52.9799955653044
1,49.7424496272089,53.2573483902865
1,53.346563479249,20.7726178972234
1,49.8813479538068,53.1689617493522
1,51.558573967401,49.0686323974071
1,38.2474434457442,48.7227489239313
1,37.0481642756982,42.1701597513155
1,42.3664824044538,29.2820993345212
1,42.3664824044538,29.2820993345212
1,32.3161553947353,26.7277285652466
1,32.3161553947353,26.7277285652466
1,42.3664824044538,29.2820993345212
1,48.2891081471937,17.822150655737
1,32.3161553947353,26.7277285652466
1,42.3664824044538,29.2820993345212
1,48.2891081471937,17.822150655737
1,43.6158992428103,27.8671280084233
1,48.2891081471937,17.822150655737
1,43.6158992428103,27.8671280084233
1,48.2891081471937,17.822150655737
1,44.9610728622963,26.6333080463019
1,44.9610728622963,26.6333080463019
1,44.9610728622963,26.6333080463019
1,33.6384537651321,55.4616737440033
1,55.2042882956274,56.0824350894716
1,55.0640544846035,55.6174553077995
1,54.7439687755008,55.9856068685053
1,55.2042882956274,56.0824350894716
1,44.3008379208553,43.5200287150515
1,55.6996139423722,56.2671418822
1,55.5944553263037,56.1983119104053
1,43.9083891648504,43.7906289389592
1,43.6419083640349,44.1651547748732
1,55.5944553263037,56.1983119104053
1,43.759727556099,44.0445996521796
1,54.4028166194969,61.0912403065436
1,43.759727556099,44.0445996521795
1,54.4028166194969,61.0912403065436
1,37.5601194717484,66.8496400972542
1,55.6861955001059,56.2480279046018
1,48.5001100076401,52.6843536310058
1,50.3357013181327,55.290016841404
1,48.2845550445917,53.0052448158686
1,50.3708480916943,55.0691657288288
1,47.8440357838545,53.8350814112957
1,48.2845550445917,53.0052448158686
1,50.3758854900651,50.9866833239982
1,48.5001100076401,52.6843536310058
1,46.8151819821419,51.3379202229176
1,14.7572016673265,48.9560869427837
1,46.1781033000013,58.5666917897703
1,13.4240796766973,51.8813269680146
1,14.7656026311369,46.6691412568059
1,46.8151819821419,51.3379202229176
1,50.9229215182125,52.8749996180677
1,50.9229215182125,52.8749996180677
1,50.9229215182125,52.8749996180677
1,39.6636393473578,52.628795597111
1,8.20391858363652,55.846444287227
1,42.0702368807373,36.3207005200317
1,41.7186384793193,37.1783479548583
1,8.83011190620126,56.1934866539457
1,42.272213810918,35.9702415906077
1,3.5857138682959,18.405613896109
1,3.77181306854036,18.806356813306
1,42.727663266404,35.5188839046961
1,42.7276632664039,35.518883904696
1,3.78469734873216,17.6161599476119
1,41.3071216109429,37.1717857092415
1,8.42753599157038,56.4233582786529
1,40.9602324213207,42.2006531556328
1,47.2597325186144,52.2523767194063
1,41.0460585427793,42.2596022042344
1,47.7724604829277,13.9467716275132
1,47.8260281838092,14.7187434650062
1,34.7227500132744,24.9978899022445
1,35.4200145090719,24.5027132729449
1,9.941645602013,10.2530301939955
1,40.8435002305808,42.166949786687
1,40.8435002305808,42.166949786687
1,37.1803511942842,41.3682714181111
1,2.93869192772803,60.7827500921174
1,37.9131475522721,41.1479028526062
1,2.61648758620818,60.6005366154561
1,37.014758966906,40.7397752079177
1,2.71957461169731,61.2436945209608
1,4.09703011831278,59.5351158497345
1,37.014758966906,40.7397752079177
1,37.7844537000947,41.1649625927156
1,46.8356576053718,49.0027849937596
1,47.3082743384015,50.2207902982084
1,43.3328304135618,46.2318048522566
1,47.4823925274983,49.9925177481346
1,36.3783948288602,51.8262733341476
1,3.24988679561719,60.7515461843722
1,36.675974032329,51.3459406281014
1,3.47519726876622,60.4953774475907
1,36.0367578869255,40.1855852713393
1,2.43858593855899,54.2333290355374
1,36.0013536938639,40.9516207762753
1,2.95571985203729,54.5666941103109
1,4.2111468167999,55.9735145759894
1,42.4614258303938,45.7105391570913
1,42.641481357665,45.7340949474501
1,42.641481357665,45.7340949474501
1,42.641481357665,45.7340949474501
1,42.641481357665,45.7340949474501
1,42.6838738606256,45.5364505717218
1,42.2959996226361,45.3171266345103
1,42.2475269496651,45.2843635443723
1,42.4437104361008,45.3658882269257
1,48.259493021237,49.4567652578632
1,42.4437104361007,45.3658882269257
1,42.4437104361008,45.3658882269257
1,12.8686822115598,59.9657846085186
1,50.7750981172034,49.8777161064806
1,12.8686822115598,59.9657846085186
1,12.5068077730188,58.8534609761646
1,34.9680467595496,67.3777887976072
1,50.3622919314769,49.0464403517495
1,50.1800219214776,48.6580241227438
1,34.7276213186434,67.6491974753548
1,50.5260708829091,49.9402315081114
1,12.8686822115598,59.9657846085186
1,12.5068077730188,58.8534609761646
1,12.5068077730188,58.8534609761646
1,37.1043202874817,48.16580106428
1,8.24745884868731,54.8182414624661
1,36.4327870120977,47.9200846158235
1,52.6975792876428,60.8602723916196
1,53.0964835291902,60.6629065350059
1,56.9112924253279,53.1015744371843
1,56.7064848208201,53.2807118027007
1,52.8936458637537,14.3336297147681
1,53.5200749190485,60.1775453868845
1,44.21817639124,50.7684621700137
1,43.9312082662404,50.4617362137759
1,56.601985658027,53.4737759597786
1,50.6059020932794,48.3726747872077
1,56.1898054618248,53.8093354691088
1,55.5184182761411,54.3362721396019
1,50.6876280158656,48.6697725560623
1,51.5273081405462,49.4758289325679
1,54.7292206783443,54.9805934181501
1,37.0256233718599,48.6865216288682
1,54.6883745046418,60.7920052438849
1,22.8359278351637,24.3315469352628
1,23.0820436608864,52.612191990208
1,34.4630422969948,65.1357237201981
1,23.0820436608864,52.612191990208
1,27.2909311754322,43.7877531707005
1,22.4985321570796,52.9033913164225
1,22.4985321570796,52.9033913164225
1,27.2909311754322,43.7877531707005
1,27.4559039953803,44.1220474838938
1,22.4985321570796,52.9033913164225
1,48.8693800182484,59.7504934507142
1,7.16269238008644,70.7801859654333
1,50.0453739026232,59.3566140544691
1,8.414178508343,63.1336394802386
1,50.0453739026232,59.3566140544691
1,49.840890546235,59.9880413261068
1,15.3871956176596,43.6575133048473
1,15.807609363749,44.0350048555409
1,38.97403481024,17.8783660640405
1,16.3900710688877,43.816860239748
1,15.2966141590377,43.6155733429605
1,15.9706631701665,44.2236073680949
1,50.5917480796399,55.7588709988505
1,15.880337113544,44.2817266174665
1,9.82714759426324,58.1345314536263
1,50.6519400465048,55.7967687245195
1,50.5934282976493,55.7373033654943
1,15.5311389070547,64.302693751596
1,50.051302748334,55.1914797582318
1,9.9562293827671,4.76790729510679
1,50.5314914185924,50.7566789461202
1,50.796832640104,48.7885666344533
1,50.2195670845429,48.9097581473694
1,50.9377382994379,48.9366913881594
1,47.774583115746,13.7967120067126
1,47.2658835006524,55.9361892304717
1,54.1476550382665,53.6395583458197
1,48.1872931679486,55.4115232775274
1,54.1476550382665,53.6395583458197
1,44.4921125880764,49.3925672572623
1,53.5646889995169,67.2588063099876
1,48.4126872146657,11.6178716969072
1,54.0501924826744,66.821417323272
1,43.2746628090341,63.0294839907648
1,9.72797577620713,71.7822318054838
1,44.7417973873581,63.5787481939806
1,8.70989408959577,71.6696077911077
1,48.4945022640648,48.4944937076256
1,47.7243263047117,52.071218420029
1,46.8026649460268,49.9299602039715
1,46.9236746230128,45.7570634919883
1,47.9112191801156,58.8680244256516
1,45.7629456684531,46.0645663108387
1,13.1697631017356,60.1387377288277
1,50.5780890102147,61.8103078618454
1,46.509217521005,46.1566595920904
1,8.54583418881933,67.4977705279481
1,45.30492352652,58.5024081334134
1,45.1557645402535,50.1676732526132
1,44.7219927241171,7.56736428190081
1,51.2607307114958,50.5451547510752
1,51.3102359207288,50.5931904474081
1,51.1844592988298,50.4631425195632
1,1.9623385933458,53.5043114774653
1,47.8158252816682,16.3090888026315
1,49.2253559583947,67.6393973407901
1,0.979651275325604,70.9623363776404
1,51.3538353285881,50.6129043069276
1,51.1126358802201,50.3913129994501
1,51.5402044158366,50.8343205465965
1,1.89803874710665,53.2410075231485
1,49.4217059275945,67.1674066575087
1,1.36235593739231,53.0813887670664
1,18.186982410582,39.8710373196128
1,20.8745511903172,37.7946507274368
1,32.4263754313176,62.649064402755
1,21.1418549028128,37.8696125069859
1,40.7853514773594,33.6328380919911
1,31.6507081749421,25.3787695592261
1,18.5216182284014,39.4854895213832
1,32.0612341907823,62.7449523250298
1,20.9950345394126,38.1031975929255
1,40.7543059577208,33.0358826428925
1,31.6315436190892,25.5051856155539
1,20.3894338891284,65.5800658011365
1,33.707644441212,23.2380169841906
1,45.4192832781518,15.7726188110018
1,7.09322130220577,64.263312680774
1,6.99416177233371,64.3603514690829
1,47.4735144693535,6.67123387677161
1,48.140209455581,53.1976267549156
1,6.99416177233371,64.3603514690829
1,7.157361786576,64.0626949911276
1,46.9863786459157,5.16460142636676
1,7.45906433423135,64.2742972771518
1,47.2707444789554,4.97086847477117
1,8.22391643107034,63.3926637052291
1,7.73617643912767,63.9463180935817
1,46.2442812253769,5.93404280472421
1,46.9863786459157,5.16460142636676
1,7.98785010102002,63.823808607123
1,45.310114055215,6.99966562840886
1,47.5811865695366,58.8234217432254
1,45.1912258211098,7.08520476194178
1,45.0976819042863,7.15043398240122
1,46.5385829660722,58.6867051355215
1,13.7568014998,61.1621646215448
1,49.7652417797992,61.158322145645
1,50.1363448175887,61.1649511865963
1,14.0775082245806,61.0951743724393
1,49.8883973925787,61.1449649316893
1,13.6541880856998,59.4540488009718
1,49.7615572506565,2.85928175259607
1,2.82487193327213,4.50086329459211
1,9.76466239146315,60.4414697989016
1,2.25372833864145,51.977844771504
1,10.9879101712475,58.260322879701
1,46.7726198787701,53.344630686823
1,48.6315076244601,54.037597023302
1,47.7224470293411,4.50327101295781
1,48.9580724575559,61.9690295672408
1,49.1312625792312,53.3776603441166
1,49.0418647572749,62.2735688240708
1,49.3455360427438,52.384405078373
1,49.4948338951993,61.2495163046868
1,13.0813024854636,61.6355834752019
1,49.0704202940484,60.2764488953248
1,30.1323952294685,31.4535057368174
1,30.1323952294685,31.4535057368174
1,30.1323952294685,31.4535057368174
1,27.972479520879,44.1708850871621
1,27.9947624480183,44.1144796375954
1,30.0715083484159,31.3708348643509
1,28.3015022706137,43.6981105656258
1,57.6780381700814,56.9295668483129
1,5.7618610622574,59.3021467390969
1,5.58912133650468,59.6594744498758
1,5.2456153068474,59.5457415846141
1,48.4657419156936,57.2874790826789
1,4.64743007422466,67.8884227611338
1,50.8585849428432,59.2737547523399
1,8.34437175987802,3.39717972193329
1,51.9574987872448,58.3186362084709
1,51.0371946286685,4.75905505502022
1,50.8543443153617,59.2446679271431
1,50.5931505493986,57.3562608955528
1,50.8267575877409,58.8727380450457
1,49.9573718211292,58.908278837664
1,48.4684299360237,4.28426119652071
1,47.7092522578125,61.781446493454
1,3.11162731842763,5.46380022452506
1,47.5977722712385,61.7828423163451
1,3.02596896186541,4.65254788304437
1,2.28038758875814,4.85866548387388
1,48.400362719816,61.0301343709491
1,9.88427185448291,4.69068782893378
1,2.71428973298611,4.14738400467171
1,9.63351658715582,59.7980458969518
1,51.5405820385592,57.8936002435164
1,49.3030864591813,3.24569752406808
1,51.9240510953313,58.0185466951968
1,49.9916265538343,59.8535444469184
1,2.88913432855644,3.88761642437359
1,51.4956455509365,3.24609347485125
1,50.5227367874057,9.88979166846426
1,49.4302244992324,60.6295438083386
1,50.8830275270694,54.6218441554337
1,51.1390355590924,56.6527258921893
1,47.997737170604,49.0808461510116
1,49.3674996030017,53.2768158931045
1,49.2145154220453,60.5246531478501
1,47.8973944554558,48.8747096563884
1,50.794815901739,56.6812644932252
1,34.8145104852864,34.5468539583991
1,54.981667291463,61.0068666899259
1,16.5186127391053,50.3544607818844
1,50.7295184584635,49.6290587230033
1,49.7638791811263,50.6926544056911
1,34.8145104852864,34.5468539583991
1,45.5568861383338,47.1946758503802
1,48.5938126782832,49.5142452184859
1,16.9463873300238,50.6706148255847
1,50.3227295807631,49.9024487846439
1,49.0451862217435,49.9887243081688
1,29.9135710541251,38.5429785573619
1,16.586726276073,50.3971179995325
1,50.7622095880409,49.4566858788554
1,5.71229025909577,70.4390591289551
1,50.9734855902909,49.225475466571
1,16.548280325965,50.4853640784258
1,16.3554345813968,67.7265239824724
1,29.9135710541251,38.5429785573619
1,16.7368133027914,50.3555834038671
1,6.03672874154175,70.6157672018715
1,30.0762318479529,39.9200452616029
1,50.973485590291,49.225475466571
1,16.2077409424572,67.295958493798
1,3.50461596849305,58.1767318442249
1,6.07498259802493,70.4437296594163
1,19.7941057393421,65.9414063849683
1,33.6722795859368,40.854250846102
1,44.0857155358442,44.2821732873525
1,6.35234262068247,70.2648433248414
1,3.417599290788,58.0756324788048
1,20.3574491626495,66.2303443787187
1,42.1954506414637,63.3939630139268
1,5.28825689403405,23.2654366893633
1,44.4920655101744,35.5793828077142
1,40.7203341048909,37.4156032791554
1,39.4920376598014,32.7913323685567
1,3.47641949974222,57.9806290727701
1,34.6426640955457,51.7250120892768
1,38.7555206610837,33.2446434937875
1,40.4165734583085,37.2121597500224
1,50.0945476807774,54.6478957771172
1,39.9686234084697,36.7208617043681
1,5.45789906517399,67.2748445805417
1,3.58480993379617,58.0132337057221
1,49.3619069135165,53.9787932430138
1,39.77732954001,36.4105969689478
1,40.0878668769283,36.640187665118
1,5.57008784166102,66.9950799274094
1,4.21721763361828,58.7121540336054
1,39.4972594373916,36.0780036307044
1,40.0878668769284,36.640187665118
1,50.1631131150437,57.8007425367459
1,4.99410710200945,23.1260943132548
1,48.6038157339617,56.1970951324295
1,50.2203469655021,58.0554350970515
1,42.4422880454355,63.4445105166839
1,49.3972960084079,55.5859052113639
1,39.1127207281852,35.5960519482122
1,38.60291080406,35.1159466041299
1,38.4116232895892,34.9752519629795
1,50.1070402753332,59.3840293182393
1,41.6837935904533,63.3151641432882
1,49.3457546062367,55.5431715565623
1,10.1793260431103,51.1963227028791
1,49.1666766381987,55.0655843392731
1,41.4763876243724,63.712959978002
1,51.7600393586774,59.2356588689526
1,41.4018089823045,63.7714378656982
1,3.7826596781859,58.4880798289902
1,9.71692838944246,51.4398406875248
1,51.8374390383804,59.020699931169
1,46.3229356511265,59.1502604346259
1,41.5895973468443,63.6186172056466
1,4.36998608553328,59.0925982658746
1,49.1453826480756,15.6164464604299
1,7.88643249594402,55.0634140468622
1,46.018784954284,59.2152121042065
1,9.69608945119164,10.4991840274981
1,48.6012807234867,10.3363212491627
1,41.503178552463,11.2037172538163
1,56.2519485016289,49.5007713427597
1,46.2387006576337,52.5090980382721
1,4.79347625817878,59.5073114510872
1,49.5001429651734,59.849428590992
1,38.4502687848838,36.8264746754282
1,50.2020090466696,15.3448456441683
1,12.4836306328695,72.6259803636485
1,10.5107110871094,71.7709620844365
1,49.6765660799009,14.6898429614649
1,50.5928958165883,14.353861868873
1,12.5458202949908,54.2574407726037
1,50.4595061665684,14.436231652273
1,10.477387757805,71.8457669674637
1,39.0774457505589,59.9288718607047
1,50.7525954928869,22.2742661473457
1,34.1981004070378,70.1173135004008
1,9.26939817224651,61.7637718934183
1,25.9420197042171,33.4925015175903
1,34.6794749134354,48.8252913986131
1,25.9420197042171,33.4925015175903
1,49.9280397959076,60.4347489563576
1,9.45504238810532,61.5615496106462
1,14.5484364631897,72.4068616220533
1,36.6264079618614,63.0846443705027
1,31.8709690774503,24.0818640484838
1,50.537319219855,22.3255572336318
1,34.0946807259689,46.584765412134
1,51.9554077370771,23.5522849238189
1,49.9165542319005,64.8265824846126
1,9.29202041350008,61.6886545822056
1,49.4528996958034,65.3083975236644
1,9.92795725772736,65.5799680163074
1,50.7837914074007,21.6582524797997
1,50.7708205552208,20.3494730268794
1,49.4528996958034,65.3083975236644
1,10.5772595658614,66.1253577603458
1,47.8877716148487,37.3705148693554
1,50.8461839206827,20.863116365166
1,10.8160386194162,72.6787709077989
1,15.2990805998872,18.9927054695454
1,41.7510624026977,25.824789216147
1,10.9219150550014,53.6867502328869
1,6.85624844797768,54.4414867308343
1,2.06215661857317,7.19172128308883
1,45.2833133927658,43.9644952698538
1,6.33253311063974,61.4390704519744
1,10.8160386194162,72.6787709077989
1,50.7569023883661,20.6342837611549
1,33.9269321032295,34.3890680849212
1,42.1088369811242,24.9578592123951
1,2.76404809228298,49.8700224480317
1,50.9818199842348,20.8874664785086
1,41.3279815356375,24.7993792181574
1,14.9492056643724,72.5469626818629
1,51.3601175187594,19.9378636972855
1,33.585614265693,35.9262865819412
1,49.1351521956557,52.9124274411719
1,10.1491747939337,17.7512635069843
1,38.2652592762056,30.482956196908
1,15.3342748859606,64.1519611384074
1,44.2744366255122,22.1535427012608
1,15.2043586189983,64.3377404037971
1,37.7853007732334,66.1045046295726
1,54.4268521722287,59.1365998037044
1,43.893696395325,22.2966351609978
1,15.0628137455062,72.4210375418425
1,50.8854103264768,20.1381233962823
1,53.8117272009236,58.562162116319
1,50.417397137418,21.1497199292075
1,53.8117272009236,58.562162116319
1,48.828056970582,52.7564484942974
1,15.3771283474709,72.7554068962282
1,48.828056970582,52.7564484942975
1,15.2549618880404,73.5248752571157
1,50.5754101192278,21.0300567911049
1,10.2317221296755,17.284890007732
1,49.1333263951332,53.1014117436431
1,10.2317221296755,17.284890007732
1,15.6304501708493,73.6639314118664
1,50.5754101192278,21.0300567911049
1,15.2800725073137,73.3478185440327
1,50.9323645389437,20.1598145383652
1,48.9680980842227,53.981227964843
1,14.2352200383313,64.0513630014848
1,50.2930757978817,21.608135184928
1,2.97694653529944,8.14305911203483
1,49.4596721597221,22.4400105639025
1,47.5939247695666,50.5446164345541
1,36.5118125601894,53.960416600012
1,47.5939247695666,50.5446164345541
1,42.6185574999005,41.8838114914109
1,49.3701435964097,62.2577308609096
1,10.1391767785967,73.1823983745522
1,1.94249083714246,7.0702680592219
1,43.7742334626968,41.9337486864748
1,42.1335393381573,43.9007829731753
1,44.0066948559322,61.4185117496666
1,49.0177662089549,62.7612757618184
1,48.579328526119,61.9279002600096
1,36.8529660292104,33.0083759668743
1,43.9272964266511,42.3986643497242
1,37.038856506128,53.8847019253544
1,49.7494942666372,62.9917085433184
1,10.2382163236525,72.8997469600923
1,42.510606153097,38.3763701498543
1,37.2112289585297,52.9892885527221
1,36.8283281940957,36.6192434259461
1,37.2830927088317,31.0958645678936
1,36.7794740006068,53.6433832537124
1,43.674823807635,42.1850969744897
1,37.2112289585297,52.9892885527221
1,36.5118125601894,53.960416600012
1,47.9168966002883,62.7403219155394
1,7.89756205215251,55.083027024473
1,3.51052018890258,6.09661507117659
1,37.2830927088317,31.0958645678936
1,43.7515300155101,41.6608769054679
1,47.9168966002883,62.7403219155394
1,50.0731991109946,52.3937282931374
1,8.01795170688575,9.03930852101484
1,17.7615831603982,17.834386025784
1,43.3841105500989,39.3530587372187
1,6.23010151087894,53.9837635286881
1,17.567808399556,16.9895605982136
1,50.2427153873917,19.8209859137297
1,43.012274965126,43.2417790693537
1,46.8622217127818,62.7185439899157
1,43.3841105500989,39.3530587372187
1,41.0831975524304,43.2865230913329
1,46.9833356713289,62.832421931245
1,10.2463245025884,72.0387129382483
1,17.5679462673531,52.3142725504105
1,51.0544298543439,19.6022758434563
1,47.5413276545293,51.3902500741463
1,40.700725338634,42.7979933943185
1,46.9570366376964,62.8441900003821
1,10.4825108454297,70.0698684500539
1,49.8700521970889,48.0287724140542
1,50.3070282646568,51.0268382783709
1,47.8302393788197,51.875454415096
1,44.4507994171225,30.7729986164361
1,37.2111994746447,64.164244144631
1,50.6890930867019,21.9107080783283
1,49.1724311630334,50.0162151953412
1,44.1016214346498,39.9029788403046
1,47.4875708257571,62.9875211127272
1,10.5284235240823,70.1242314429987
1,50.2921733326593,48.1298195765275
1,37.364864628049,30.6683573022035
1,10.7678624359014,71.8732480661548
1,44.3317414026361,40.1632917987343
1,47.2889463065825,63.0430655607487
1,2.04121778815638,62.6205647881482
1,50.1101614892439,49.7893898592077
1,49.322018901612,12.6831875939222
1,29.6824624101155,38.5693045880436
1,49.9100580951386,49.9242210749419
1,49.5267911398708,13.1327285411608
1,50.6890930867019,21.9107080783283
1,5.26363097008372,18.4321163585109
1,44.2076545196825,40.1029148954763
1,44.4201453273734,40.27690437969
1,16.2219451280761,52.213193957922
1,10.8977364461973,53.5251150144461
1,3.25316603607691,57.9020455804934
1,48.0035835200651,62.5741610626866
1,11.1385382485838,72.1729009323503
1,10.8977364461973,53.5251150144461
1,3.25316603607691,57.9020455804934
1,48.4959300866133,63.0582621128933
1,11.0964901741838,72.1162077278574
1,11.4667037409324,71.7512142107729
1,48.4959300866133,63.0582621128933
1,11.292741845084,67.2242032442341
1,21.4666022341062,29.4933309259965
1,21.4611892177211,71.9410127087903
1,49.1779600486694,59.4719476012653
1,53.79889277583,50.977899681498
1,15.1977353677483,16.0571157519654
1,55.2655644570897,50.9628906366923
1,53.79889277583,50.977899681498
1,15.6281674134234,49.2131420858319
1,41.1128128752966,54.8803111683088
1,18.0763232010594,45.5305145848304
1,41.4059505413323,60.8605856498655
1,15.1718091047884,49.307359598497
1,45.1914365009899,63.5344189328838
1,18.9485971730817,45.6945767897107
1,45.1914365009899,63.5344189328838
1,15.3029001982419,49.1074371961458
1,41.4059505413323,60.8605856498655
1,18.1798362230417,45.2561381300408
1,41.1128128752966,54.8803111683088
1,49.6316466692872,50.0932993034146
1,49.3867126466203,44.2207718538348
1,40.5762251222791,41.0633909864926
1,39.9421642794752,40.4426828858355
1,40.2176605441867,40.6686796398717
1,40.841787625653,41.261393109012
1,40.3077421797449,40.7334938830945
1,41.7794031489006,42.5397117027126
1,48.6500036670254,41.3197092993651
1,41.8860257267306,42.3414977426946
1,41.6210638618954,42.0579541343822
1,41.4885170059199,42.0453980002942
1,48.8028740747416,43.6384678934846
1,39.9997195221506,40.4939905523338
1,40.1475617543419,40.6025160381015
1,39.7782733280956,40.2573028957713
1,40.8141576652975,41.2478249790671
1,41.0924309387823,41.5194200006155
1,40.9709562086598,41.4852255302987
1,41.7957645002172,42.4540090284855
1,48.250349298255,41.436499629757
1,42.0578801911111,42.4962576868858
1,41.4613449293005,42.003972553485
1,40.8141576652975,41.2478249790671
1,41.4695808232088,41.8954274389654
1,40.7779718850334,41.2695212804359
1,39.3954122646207,39.8172802523132
1,40.8746038300043,41.458883982702
1,49.5043780631103,49.3009804728935
1,47.3056960231108,46.2799481086948
1,49.9335776929185,57.9258336247261
1,42.5866437587448,49.6974698750942
1,47.7292216868372,42.6690154049533
1,50.335923743424,11.7842950238454
1,50.8931136329263,56.709296836087
1,50.2466372902525,12.044384402028
1,49.9586101247575,12.2533874098347
1,43.9555567244396,51.6003654422832
1,42.1761966004902,42.7378186261391
1,48.8194673027929,46.3861660670415
1,46.3987255671229,41.3170498783674
1,40.816445488371,41.2862681416413
1,51.0181683008468,56.9023525572749
1,50.7594688842243,56.9663654168611
1,50.9295535054546,56.529755984816
1,49.6286442520817,57.6239193340387
1,50.0690157372731,12.5900286008008
1,40.8746038300043,41.458883982702
1,47.7292216868372,42.6690154049533
1,40.816445488371,41.2862681416413
1,50.7647352139152,11.4818362786969
1,49.9586101247575,12.2533874098345
1,40.7092464744167,41.3111439266791
1,55.1211308683593,54.5072226830868
1,54.8939570009408,53.8738310545115
1,46.1197138389123,45.1806378031545
1,49.8887680158712,47.8508426209062
1,10.2665766062395,56.7193401336552
1,50.9407494457687,48.7925219160587
1,41.6968521717748,42.3267648042222
1,49.1527945040423,13.0835549970934
1,49.7794604673087,12.359259929849
1,10.7303798526772,56.5458841357995
1,53.1507345260352,54.5550598346205
1,54.7063308213512,54.1571897396574
1,49.1251390888461,46.8723888757535
1,48.4045616433226,13.8772420170106
1,49.0738079248675,13.0102379167915
1,50.4838496053792,11.9510148836408
1,10.8147234271001,56.8309058469881
1,50.6805846967858,11.3988515456193
1,50.7647352139152,11.4818362786969
1,45.1439058778966,42.6705461597039
1,47.4097499674934,30.1971305368349
1,49.1251390888461,46.8723888757535
1,47.4929815344349,46.6541616422986
1,45.7980953525252,46.4939235384006
1,47.4929815344349,46.6541616422986
1,45.7789696234785,48.8303340166313
1,8.4549348251734,65.422191130681
1,51.538285576441,13.1711732240443
1,43.5492493674931,57.0178031926908
1,47.626621432297,71.7090299172626
1,52.4766454141796,14.3775225185128
1,49.1251390888461,46.8723888757535
1,44.080112824404,57.6117066301424
1,46.392329245843,49.9577557894545
1,45.830515675516,47.843461973251
1,47.626621432297,71.7090299172626
1,44.1449861882202,57.5370611059525
1,8.4549348251734,65.422191130681
1,47.2520640389639,64.2673959156694
1,46.0269403150443,50.3946873304198
1,47.0103914922131,64.823710540563
1,46.1444054518263,46.8788207017856
1,18.7289930219499,63.0991056027416
1,47.2520640389639,64.2673959156694
1,46.1444054518263,46.8788207017856
1,45.2920235595916,65.3560691700875
1,47.626621432297,71.7090299172626
1,46.4843400666702,49.4463056068544
1,45.8826489151635,49.7672935101372
1,34.7371949940877,44.3875646909129
1,46.6048805891511,66.3584661061559
1,34.7371949940877,44.3875646909129
1,49.2779060636304,59.2511686587224
1,42.4663106992279,41.844627102173
1,43.726508230528,28.1042596763946
1,43.0875147526567,25.0734605791188
1,46.5602728582206,36.5036692204642
1,45.6007070901362,37.1142687916062
1,45.9081329107589,38.5850888265733
1,34.2340343323594,44.468644788404
1,47.734116065416,41.6618021216417
1,45.3708266183597,45.937082519948
1,43.5162127125186,66.1850208568944
1,42.4663106992279,41.844627102173
1,41.995620947795,25.2966838578134
1,49.2779060636304,59.2511686587224
1,46.183668538887,36.4406895341395
1,34.7194052563796,43.9619373042099
1,44.7030215788617,36.8541787901224
1,45.8875427039434,38.600369216351
1,47.2935853643475,59.8526043884513
1,45.3708266183597,45.937082519948
1,43.4478465829723,43.0777490370167
1,50.4744461813473,48.940819890498
1,31.8750614865219,34.4958428640818
1,44.3767398490425,23.2411694540191
1,45.8847030142871,43.3725308058466
1,42.3538370079971,20.6848822855026
1,48.6613633066364,72.7278377907725
1,48.6613633066364,72.7278377907725
1,41.3191933259879,64.6746065231134
1,47.0646427556413,59.7809656486754
1,31.9791337386171,35.2382642975926
1,47.6477219391342,61.4058137702918
1,27.9136615720695,36.5755968153833
1,29.392183979676,25.9269494687962
1,47.7024800044747,61.4279463534833
1,29.7561958325309,69.6225137434348
1,50.0596692188981,49.5146905862827
1,54.1537691880003,58.0217221671856
1,28.3605853269878,53.2012178077028
1,50.6509799547763,61.4260218367295
1,51.1720166081413,60.2762743230391
1,48.2586053917777,64.6394749301809
1,51.9509665375274,50.1310176454898
1,28.3605853269878,53.2012178077028
1,27.9163510670756,53.3407350234135
1,48.5765619798298,64.170416769994
1,52.62146630098,50.4192468479936
1,38.590521493537,27.8787408903431
1,50.117456086957,13.9808390282608
1,22.4720566741505,54.8081958207059
1,12.7629380235921,53.8017962048885
1,39.2016327183912,69.4160910668776
1,22.740605756439,55.0044972045264
1,40.1603128784437,17.4980857512513
1,52.3203191374875,50.695484896399
1,27.7534649904439,40.6279591560122
1,39.4932246862058,69.7123609905947
1,39.3959915112893,23.4688936290898
1,50.8071234624862,61.2587145205729
1,50.6401329954089,61.4134970417446
1,21.4508503935833,54.9129050773119
1,39.9512632590888,17.5837375325762
1,58.7331814970418,53.6657911694534
1,52.2618645701169,49.7231450165321
1,27.7983881130529,61.0925298643002
1,12.4083113844844,53.8906034828917
1,39.3959915112893,23.4688936290898
1,50.5181907782974,61.0962540479419
1,50.8071234624862,61.2587145205729
1,29.3473362886832,61.4758822749051
1,22.7538794630376,54.6729193103663
1,58.7331814970418,53.6657911694534
1,32.353332668237,34.6870962721045
1,49.8075128727478,61.373977218169
1,20.8676196346982,66.3287695335153
1,50.7440548338878,49.6386934891552
1,26.7038428958962,36.5226816367588
1,12.8949316904854,53.7241242302223
1,51.2350055549286,31.6018959458969
1,52.8353396406512,50.0733201340391
1,13.1038773299959,53.5240240131123
1,51.8837877593224,49.1709910052052
1,49.250191471055,62.1325080116616
1,30.2498355477042,35.3106243973434
1,49.8604933430509,13.27262970013
1,53.0521061277578,48.6960448074509
1,12.4949892522964,8.8086099860772
1,22.3145800966825,26.2811874488527
1,50.8257472408536,31.6855375794375
1,26.6520024175416,53.7199847529932
1,26.6520024175416,53.7199847529932
1,11.0067814939074,54.5014191321147
1,49.7129893973506,61.3531575632913
1,53.680452677675,49.3625678058518
1,53.0521061277578,48.6960448074509
1,26.6520024175416,53.7199847529932
1,13.8645715849966,53.0928397561658
1,53.3366701632517,48.8983234603545
1,41.1696812783189,54.0776331402576
1,51.1728025801771,32.6330960764446
1,51.8968465324441,48.9337340259433
1,48.6675706270291,57.988952912574
1,33.4527590921626,34.3151770981882
1,31.1825958332,34.9938167008665
1,49.1851956949938,12.9822054812476
1,12.1003816863766,8.25391955544219
1,51.2991002541214,49.2076950345525
1,53.4154320483735,50.7831740553941
1,28.7721702082539,60.7890220355634
1,12.1003816863766,8.25391955544219
1,51.1149347713358,32.5474735415475
1,33.2972062913807,33.9763338749159
1,13.7918838565265,52.3981416099415
1,29.8791899510685,35.9633382286816
1,48.9804320356128,62.0457150886746
1,29.4089692767027,61.0416492988653
1,29.1907901191299,60.9473222173772
1,22.3002340262061,26.2492296366564
1,47.3929677964062,13.8489495491012
1,49.4579743897473,14.6790773435366
1,11.4042042467962,7.32443114571048
1,20.5840163029406,45.4492836172205
1,50.5640777407503,32.4055084683869
1,58.3434346376924,53.9743520441589
1,53.3784246941794,50.8445799741847
1,25.7645834536386,35.9950618147322
1,28.286056646335,46.0810178284488
1,55.1717115076418,56.2417055015901
1,49.1181583767705,62.0279852534321
1,12.5764397564052,8.77677634174263
1,57.3621345521988,54.8029325794274
1,52.4616868739946,50.8257075422672
1,53.3524213223782,51.8822683522446
1,32.0836083225368,32.16592930125
1,53.9521218382105,52.0933563032959
1,49.4579743897473,14.6790773435366
1,40.6937314856548,17.4547205364429
1,53.5960470422466,52.0628133779443
1,25.9346046556416,38.6179277153847
1,49.0029712880602,61.8245280647121
1,50.1615983239414,14.6748030486924
1,12.1902818576594,8.32182668490159
1,40.7998556923184,17.4124169156505
1,32.69967417727,32.6555234233243
1,58.334294717464,53.8331829784166
1,50.2015690354101,14.8009699533135
1,49.8975525337253,61.2479279105306
1,11.6740739749358,53.6335482547844
1,48.3013574423128,60.2961635275644
1,56.869904382278,49.5469512000354
1,11.8739497553808,53.3616805795629
1,49.9307987626505,14.8018062087988
1,50.2015690354101,14.8009699533135
1,11.4935421645459,53.1009396012762
1,33.2616235409904,33.2746316449492
1,50.269213122511,33.5969910587624
1,56.5791976775432,49.437028485831
1,46.2708218630123,69.4874166644304
1,52.9173166071559,64.5949138392397
1,46.8387919655481,50.7866742166436
1,52.7439039028922,65.0446453390114
1,50.9835060488094,58.7520833152851
1,33.2271155748371,32.5225593990002
1,53.9755274267543,52.0492981175243
1,47.435164200452,62.7466135790624
1,47.434243980842,51.2160983729831
1,53.0632089005447,52.4515773827319
1,51.0257138979632,60.401128602341
1,34.4972949970416,33.0812209181726
1,40.6963797034659,52.394961821804
1,34.7194432837374,69.2777352913824
1,51.7609307386304,54.9086931896207
1,51.0257138979632,60.401128602341
1,51.7609307386304,54.9086931896207
1,40.7377327792734,52.1865853116737
1,9.5978695665179,5.03811276416652
1,51.450228842993,60.3769945585411
1,40.7377327792734,52.1865853116736
1,49.0840688033751,60.9318612844098
1,52.0362317950822,56.053657390559
1,35.6533853708767,47.956725555884
1,49.3376915345015,14.7160819216016
1,48.7072559674312,15.6499670762906
1,52.4187680663721,59.0900822591777
1,52.8786111218257,54.4015666899906
1,13.1410374242022,9.14593409665494
1,49.0840688033751,60.9318612844098
1,48.8303805785601,15.2924521182471
1,52.0541387048471,59.5616430462079
1,52.3202696739884,59.2205237130665
1,51.7940572125143,55.9710717638218
1,38.9375415530564,30.3885482482155
1,48.4318220247619,50.9393234459043
1,40.4058491005219,51.7963231919336
1,13.1410374242022,9.14593409665494
1,48.6672795519535,16.118140058707
1,12.9733602755209,73.778880636924
1,50.1271928161598,49.1164110681188
1,41.1675171496007,51.9565990876483
1,13.1643896736133,72.3095699911512
1,50.9681542342731,60.9238189018032
1,49.8517992256338,49.0588542367815
1,13.4830650631785,61.1170701573375
1,49.6513061112895,16.2055546189124
1,50.4841441714804,59.9031875384534
1,51.8886107047764,51.9389156456502
1,47.9352975291375,68.4974246172376
1,12.7382752545169,54.0311455622189
1,20.752425470983,66.2711865005538
1,11.1479493089013,68.7595305311804
1,50.8659464426581,40.1519322994073
1,49.4067976643019,15.3659098894928
1,11.5294752032986,74.8548170726498
1,20.6785717715696,66.3482478578563
1,48.120830407446,68.1771131321566
1,47.4634491918051,49.0658109351749
1,49.1683338999995,15.1199908882141
1,47.5983819128742,49.1756239328652
1,11.5294752032986,74.8548170726498
1,48.7259264204263,16.7876309325397
1,12.5374437797806,54.3011733569
1,10.8141031735918,55.6155940059396
1,55.2923657647185,51.1139006129139
1,51.2849026778395,58.1220356329857
1,39.1981730494365,17.4006585345141
1,10.3655171348448,55.9759716695191
1,48.5508021672341,50.8835060153474
1,48.272971363361,61.0254677716032
1,48.5508021672341,50.8835060153474
1,55.1498655393749,51.4969683497738
1,39.1981730494365,17.4006585345141
1,38.9179621150146,17.9406618447045
1,48.185767422475,51.4564834988684
1,48.747864858061,13.7084746169518
1,10.9770712675723,56.0390729920034
1,48.7590757534271,13.8884874350947
1,10.1801340468614,56.2039328642889
1,48.7590757534271,13.8884874350947
1,45.4870356347142,48.1227806199421
1,38.8404928995252,17.971950654655
1,45.8258943546919,48.9436288960021
1,49.9748460418556,14.8422206500962
1,34.8975884563733,52.3263277963159
1,37.7089858844769,19.4499947666058
1,45.2802426878876,40.0271447473703
1,34.2130322519698,53.4921694798787
1,49.9926687051677,63.0938104894893
1,38.1377411649693,19.2133975138027
1,45.6820445672787,47.2516127380255
1,49.7043757916476,48.4870647227335
1,16.3555458558538,38.3843060112001
1,31.9353614788339,32.7429302914992
1,45.1933544621106,61.0773635585178
1,45.5298545266066,61.3559285928805
1,32.4958059717062,33.0586177760239
1,45.5298545266066,61.3559285928805
1,49.2492399023903,48.0474430765036
1,49.6790879605948,15.0483467672738
1,45.1576827941908,17.5248773188857
1,47.783697153524,19.8277096928934
1,49.6790879605948,15.0483467672738
1,32.6680103626489,51.4976396735166
1,18.5163263210322,73.9891410460363
1,46.4183633611285,16.6160201694391
1,46.5735450652463,15.6120272973294
1,48.4907271142054,64.3969667711573
1,10.8779012191557,73.5809774128275
1,41.0304189847388,21.7142217561249
1,46.0294598999829,67.1751829332506
1,46.1102306295884,20.439580178758
1,47.4731605366207,65.2432522257731
1,46.5735450652463,15.6120272973294
1,41.0304189847388,21.7142217561249
1,39.7503289172636,20.5495873738298
1,46.8247640666165,20.3101116029069
1,47.0297958838092,65.4526187584202
1,48.4907271142054,64.3969667711573
1,48.4907271142054,64.3969667711573
1,10.8779012191557,73.5809774128275
1,48.989372210545,52.2970956401682
1,19.0234143011364,74.2313800747131
1,34.6652885447409,54.3343211671915
1,17.4954291269424,55.8885787717275
1,11.8392632863852,54.1030477826938
1,34.6652885447409,54.3343211671915
1,16.9445250171763,37.8518329874657
1,15.2504801838595,39.5153694088144
1,49.0363796217992,60.7641018208919
1,16.8667766435091,37.9013891752196
1,17.9560762242769,55.5688265310675
1,49.0363796217992,60.7641018208919
1,11.8392632863852,54.1030477826938
1,14.8541741473006,40.0105949031735
1,53.2709478723824,53.8039640847819
1,17.9560762242769,55.5688265310675
1,49.3963161514789,59.1972244042208
1,48.6822925719512,12.7300510644297
1,14.7915401732242,40.0522929441972
1,47.0992382113626,58.0472328290537
1,47.3743531013942,53.3503128503847
1,49.0471029087842,15.175785698594
1,47.8632297865882,49.4540637702615
1,51.360673940876,52.4496051702771
1,48.1063121171762,12.7768955315385
1,5.06242534770869,66.80637286442
1,47.2773332645148,52.9236163216427
1,49.0471029087842,15.175785698594
1,47.7932419303722,49.0640171350602
1,48.1618976321103,49.3556741632541
1,49.4848535925569,59.1828129701935
1,14.4127610068351,40.3454669813689
1,48.1530477700654,12.186761417439
1,50.51145860674,70.3679207594334
1,46.4945220133313,57.2798117985918
1,35.2192353333359,35.7011648131236
1,48.6446161542067,11.6902118704338
1,49.9539888683895,70.6266845053295
1,48.0779182888477,6.78308242215142
1,48.8334550717091,5.99797779436882
1,50.7476293641946,11.2812177797062
1,35.8544044252689,36.3772844310532
1,55.2036130447098,51.7243262664138
1,50.1978061920783,55.1735244967444
1,48.9596169879404,5.92498952347063
1,14.4956923487698,40.3114440642753
1,52.8006484298035,51.3776517662762
1,55.1630316814999,51.4650955119703
1,51.1785314362491,56.1537522961211
1,49.9459544582134,4.87495591284724
1,32.1880657845741,30.646241163985
1,48.2953638883688,15.3721863325821
1,55.8700471049998,51.1949238752577
1,48.4968692361352,15.6204212654427
1,31.8911445762956,30.3210564932116
1,14.9980922447634,39.8663335578139
1,50.2952134378665,56.1529189642005
1,50.690804197084,55.6329894563545
1,9.7852787390855,16.2142402048832
1,32.1173033816117,30.5468804508866
1,50.1834278102306,54.3778516251732
1,6.66789749860525,48.4927224566064
1,46.3018796115601,49.2996344106325
1,15.0623856849038,39.7585129174849
1,48.5536344484533,15.8707466554214
1,14.7766157932901,40.1109409429626
1,9.7852787390855,16.2142402048832
1,27.8698954341545,32.637345455079
1,48.7423222755975,15.1689197521492
1,15.0897997161259,39.7463553791613
1,50.1834278102306,54.3778516251732
1,7.47503477772455,25.9128169456984
1,9.7852787390855,16.2142402048832
1,27.8698954341545,32.637345455079
1,49.0326013633464,47.3200151034096
1,15.5597892718651,39.3241105313642
1,7.72138965327912,26.2694174890418
1,9.7712264892885,55.5168686656775
1,15.5597892718651,39.3241105313642
1,7.89159643038692,64.6010945184537
1,50.3720122957478,11.6093325432236
1,49.8676018642981,48.1712842695183
1,37.4154929789894,35.1358964898713
1,42.0149438167712,54.2901871565019
1,49.0787846455413,15.9438995370923
1,49.9185924793569,11.9176089105074
1,49.0787846455413,15.9438995370924
1,41.5736762197464,53.8352678043802
1,50.2272885054265,12.0995428000063
1,52.2339013120264,58.9733650536638
1,38.1896663553959,51.3892041962892
1,49.0450824531761,16.0400903589332
1,50.2272885054265,12.0995428000063
1,38.992669840279,20.0411060168761
1,38.9030206049442,19.9777817425615
1,48.3236189976331,46.922345195411
1,38.992669840279,20.0411060168761
1,34.419935751611,46.3840700143497
1,38.3355491403261,20.1316681701795
1,49.3840681105907,5.58521964635548
1,39.1859753442694,19.3145858932353
1,34.1063583383232,46.6399032384562
1,50.6770852110271,55.5713495942222
1,50.532816708562,49.0721272667503
1,34.7499379519072,46.1503279833884
1,50.6770852110271,55.5713495942222
1,23.0879371056126,44.5464774808105
1,22.6844498878886,44.5196207564451
1,50.6770852110271,55.5713495942222
1,51.7848895851098,56.6776587785799
1,40.5469233052388,18.2956593514146
1,39.8475916590326,52.2642134402692
1,41.723012481788,53.6373298120083
1,40.0671927937356,18.7485779630236
1,40.0671927937356,18.7485779630236
1,41.7316725624363,53.8080043982852
1,49.8027409363348,14.7041562982791
1,35.6411676438762,52.6782697271279
1,49.4812989478554,14.9477516875874
1,34.4658391674912,52.2576293320014
1,49.4812989478554,14.9477516875874
1,27.7373920029258,44.9939947981589
1,49.9440225514459,60.9316771557527
1,47.7049546432767,16.2233747507689
1,27.2338915220235,45.1194358903581
1,47.7049546432767,16.2233747507689
1,47.607887804407,49.052809937489
1,47.3282434540571,50.4027974906457
1,47.607887804407,49.052809937489
1,13.0714574631862,69.0619359890459
1,11.9166195418069,16.4620101058595
1,11.9521856389396,53.4187094150544
1,49.36147404834,15.6674717892938
1,13.1249757313431,69.2026446077645
1,11.8766792404588,16.2195862836689
1,49.5652492999491,14.5926819269329
1,49.1928410173288,15.3269342473643
1,41.8672872037083,55.274250664675
1,12.3762344059391,67.965594080493
1,40.4646075343743,53.8939296950158
1,12.0060268912908,67.296183898993
1,41.0097983873365,54.5714678960243
1,40.1145090023889,53.4783734314759
1,40.4088816179,54.0363629489536
1,35.3558320796448,33.472618203456
1,49.0787594945172,13.7334065530336
1,3.67514628743101,62.8386751160432
1,12.505378545515,62.5161683352711
1,49.0700452005813,54.3227802760707
1,3.39782189833915,53.6168284399947
1,13.1189308419994,54.6323568616415
1,22.8640012767157,57.8716253496893
1,22.8640012767157,57.8716253496893
1,49.6690291843588,59.0387760253519
1,43.5834041181963,28.3882101315164
1,44.5590122938663,27.1651250005373
1,49.6690291843588,59.0387760253519
1,45.5934955943396,68.4512642571401
1,49.6690291843588,59.0387760253519
1,45.5701906914732,68.4157074037971
1,49.6073859956887,59.8529963710877
1,45.7906968324331,68.0447525885719
1,51.5796201489274,60.0817569422582
1,51.8719793110812,46.1569707027678
1,51.8719793110812,46.1569707027678
1,45.3765173815378,17.1013636185738
1,44.2412038987739,27.2054642486372
1,51.3574217423844,23.087760499842
1,49.7287369180988,21.33638783887
1,51.2256740922341,23.1302158438595
1,45.8374191862399,51.5704499370418
1,50.7048369558617,60.4409074459105
1,51.3574217423844,23.087760499842
1,43.6543531224818,68.5468161741958
1,52.4975560370057,62.9712397941995
1,53.8675515648826,26.7044772174674
1,51.105966388754,51.3844422521978
1,23.7368406917815,55.4098840023247
1,50.6600398077685,51.887065477144
1,23.6249808214764,19.5256367530689
1,24.9874054440916,20.8957146987867
1,23.6249808214764,19.5256367530689
1,53.9288878519931,26.3154984089234
1,51.5706968892466,9.50845285091027
1,15.2266564229741,58.9392198629371
1,50.886011437645,10.2470720479395
1,50.886011437645,10.2470720479395
1,51.2595206167864,10.104598890506
1,51.6720976872791,8.86618612115355
1,39.5489268776795,37.4918512830698
1,39.9918706539587,49.3005843962244
1,39.5489268776795,37.4918512830698
1,39.971193248786,49.9601222127911
1,39.0964192605417,37.2297041399646
1,39.5964459883255,41.1441862880925
1,43.6293628431217,41.7526499236638
1,39.7481420092816,50.1354279064122
1,39.2322442346345,37.44858884951
1,53.5624006463097,59.1190433223554
1,53.5347448059652,1.83334000629036
1,51.7347291165952,2.26289197902384
1,53.6072713298662,2.21085879568883
1,52.6531324101337,1.00134354131372
1,53.4651696782506,59.1934113467951
1,52.5883794203322,59.6359127449215
1,53.4651696782506,59.1934113467951
1,53.4651696782506,59.1934113467951
1,55.6155195627081,19.1904991380223
1,31.5966068692763,40.5926933887473
1,31.8030739908862,40.6076301982525
1,31.7773235770526,41.2722633288952
1,31.8030739908862,40.6076301982525
1,31.8731643542006,41.6399176752332
1,31.7974468380273,41.8053807757135
1,48.7586959644823,47.2953691649964
1,42.9788272246,44.7528035347422
1,48.7586959644823,47.2953691649964
1,48.7586959644823,47.2953691649964
1,28.671464872617,64.1153642500019
1,51.6386365610852,21.5950784957729
1,51.0576300710339,21.2025064883011
1,28.671464872617,64.1153642500019
1,46.8098657331097,52.5835905544675
1,28.671464872617,64.1153642500019
1,46.884227343396,52.5560346514671
1,29.1946198151206,34.4349556781883
1,53.491653149026,43.6066423761153
1,44.4821032347845,46.2948078583943
1,44.6790098410905,46.4635827704856
1,46.884227343396,52.5560346514671
1,28.6042731649686,68.70255738733
1,29.1946198151206,34.4349556781883
1,44.2550436686564,46.0710775040776
1,44.6790098410905,46.4635827704856
1,19.2490273005594,34.1232773828231
1,19.6982134806525,33.6472842887499
1,19.7309635029993,34.3634472253878
1,19.6982134806525,33.6472842887499
1,19.7309635029993,34.3634472253878
1,19.6982134806525,33.6472842887499
1,19.3166093871827,19.8905377392013
1,19.3166093871827,19.8905377392013
1,53.4602746462104,44.1356598725319
1,53.0681337165807,44.4063481205746
1,35.3799665560518,50.8522681858102
1,35.753774339879,50.0661756609363
1,36.3145260183632,44.1343538530938
1,29.8318401570968,49.3540949263083
1,37.2811757413615,49.5995423091747
1,35.726325162481,50.6570445044447
1,12.5459359707108,61.3349539851023
1,36.8654168896241,37.8441606057951
1,36.389039448375,49.6664593881899
1,31.1899356928698,43.6102941228124
1,36.8447124971622,33.2987088043523
1,36.3570511052572,48.5643650673095
1,11.5579070247696,6.81112549864181
1,38.0530465952448,51.6117626605877
1,49.8965238614441,54.7885881416282
1,12.4765700088163,61.2233012116851
1,48.8080175868078,50.2007708718956
1,11.5579070247696,6.81112549864181
1,11.4088347843221,61.5353619754023
1,54.174462124549,17.9581168106634
1,49.2712673524788,50.0536489137867
1,11.3346042146393,61.8594036443619
1,54.9143733434285,18.687324988996
1,12.4736714765124,61.7611166692133
1,48.8286702865622,50.9229127704348
1,50.4733697426632,55.6673008410712
1,52.1345178507354,45.7635935117392
1,51.5859998574691,20.2113191387975
1,53.9359555588753,44.6657133068625
1,51.9675685490805,19.7393153661092
1,51.9379306197724,19.7226963670847
1,53.7921814768751,44.6497805945228
1,53.7921814768751,44.6497805945228
1,52.9571495989131,20.5632196955172
1,54.6567443301486,45.0531382763899
1,19.4438038200257,20.0382804026281
1,53.0427430787327,20.4084946727687
1,54.1992879982742,44.1204913839827
1,19.5868764020632,20.1307268387203
1,53.7921814768751,44.6497805945228
1,37.869944754264,37.1430856536287
1,35.6011372030425,35.2246503866759
1,33.4651485094284,36.2697283817713
1,35.647858488312,35.1903161725805
1,19.646935152805,20.298458553823
1,19.5142170007474,20.2165497707148
1,33.4651485094284,36.2697283817713
1,36.7200225866578,35.4465389148299
1,19.42747233491,20.0832081950137
1,33.4651485094284,36.2697283817713
1,19.3622969520608,20.1966615320055
1,35.9801501656752,34.7683769318504
1,53.4697734210822,43.7931619412363
1,53.3652688794071,43.773884389781
1,53.4697734210822,43.7931619412363
1,29.2133232613325,34.4650216373429
1,16.3172454829874,34.5380187113866
1,29.2133232613325,34.4650216373429
1,16.3172454829874,34.5380187113866
1,52.7623646172934,44.2262118122734
1,16.3172454829874,34.5380187113866
1,16.4145989882851,19.677188633061
1,16.3552176909831,19.6524732470512
1,52.5677400767968,44.7015078055819
1,19.2506717137027,19.9683838387911
1,16.3552176909831,19.6524732470512
1,52.5677400767968,44.7015078055819
1,15.8170027033935,19.172620348453
1,29.4679912996409,41.1889369006425
1,42.7248789832045,50.1218683082991
1,29.630355416294,36.5966358000174
1,29.630355416294,36.5966358000174
1,29.630355416294,36.5966358000174
1,51.199188008403,47.4049072925179
1,21.1242322379719,35.7810952969079
1,51.199188008403,47.4049072925179
1,18.189573265211,38.297786152647
1,18.189573265211,38.297786152647
1,47.1034950906294,35.1470092522689
1,41.7044299641975,46.7017531864789
1,46.7530712273729,59.5622416328541
1,46.7530712273729,59.5622416328541
1,46.7530712273729,59.5622416328541
1,42.5530193818892,48.9678261175173
1,35.3322277289841,28.6082816151276
1,42.2301321753293,48.1602559054609
1,42.0207166428249,48.5464988940044
1,35.3322277289841,28.6082816151276
1,35.3322277289841,28.6082816151276
1,9.59750696732461,62.1298723428673
1,42.2301321753293,48.1602559054609
1,42.0233091795646,48.9825525758086
1,46.7530712273729,59.5622416328541
1,35.1754884878058,67.0141902217407
1,42.3330458046928,48.5092585240468
1,42.0802953717884,12.0092456778992
1,41.1498041810315,45.0487943807852
1,42.0035387168691,49.5935713747132
1,42.6241541782657,62.8121127417163
1,40.6313098889606,44.9489690668335
1,42.2993674822192,49.3046732252409
1,42.6622810311541,48.9502107105776
1,9.35601874650665,66.0514640659339
1,48.2910697615105,15.959542347122
1,48.2910697615105,15.959542347122
1,9.35601874650665,66.0514640659339
1,48.2910697615105,15.959542347122
1,9.35601874650665,66.0514640659339
1,9.13700370799585,65.807328948297
1,41.9943703956523,48.0865433943556
1,42.4859389050688,47.3335277863109
1,9.66769854128143,65.9095073244706
1,42.2212619795354,48.1702103925737
1,42.0577803794627,47.6493843862142
1,9.48138768614148,61.9783366524718
1,9.4425991819767,66.2028787418392
1,25.7515632099111,61.0119726081453
1,25.8410494912197,60.9236278808319
1,33.2215159997098,35.8632737847597
1,24.3675723398634,50.5838878659849
1,26.1589413337765,60.4342528158356
1,25.8410494912197,60.9236278808319
1,8.55856836689723,71.0166991863914
1,33.2215159997098,35.8632737847597
1,10.1427580772854,70.6205937334479
1,32.2060972251866,35.9009265960543
1,28.9603116024001,42.6314742511325
1,10.3221107093134,20.1351950022196
1,10.3221107093134,20.1351950022197
1,24.8663723708814,61.3917923341647
1,25.9916104778217,60.5431180442091
1,10.3241443928058,60.4220683459488
1,10.0754091196831,60.706347576865
1,25.9916104778217,60.5431180442091
1,9.84515917333307,54.7469213072064
1,24.9009486060552,61.4404422303404
1,9.81466876399627,54.5605018823192
1,10.7824791968667,11.854496746729
